pdb_id,site,glycan_class,tool,n_models,n_rmsd_valid,min_rmsd_to_reference,median_rmsd_to_reference,mean_rmsd_to_reference,reference_rg,tool_median_rg,tool_mean_rg,reference_rg_percentile_in_tool,delta_median_rg_vs_reference,reference_span,tool_median_span,tool_mean_span,reference_span_percentile_in_tool,delta_median_span_vs_reference
1BHG,ASN173_A,high_mannose,glycoshield,30,30,1.786989,2.163604,2.291887733333333,7.884649,7.7747755000000005,7.820048699999999,70.0,-0.10987349999999907,22.912016,23.146292000000003,23.008841700000005,36.666666666666664,0.23427600000000126
1BHG,ASN173_B,high_mannose,glycoshield,30,30,1.920019,2.1656255,2.350553666666667,7.547389,7.8188455,7.833870566666665,3.3333333333333335,0.2714565000000002,22.057259,23.298828,23.205581266666666,13.333333333333334,1.241569000000002
1OYH,ASN192_L,paucimannose,glycoshape,30,30,1.779394,1.781038,1.8874729,6.354072,6.362745,6.416571966666666,0.0,0.00867299999999993,19.647728,18.322387,18.711768399999997,73.33333333333333,-1.3253410000000017
1OYH,ASN192_L,paucimannose,glycoshield,30,30,1.209968,1.7237005,1.7013486000000002,6.354072,6.006679500000001,6.011718533333333,100.0,-0.34739249999999977,19.647728,17.740814,17.779529566666668,100.0,-1.9069140000000004
2J1G,ASN215_B,paucimannose,glycoshape,30,30,1.853753,2.065786,2.033646033333333,5.868387,6.45365,6.380145333333331,10.0,0.5852629999999994,18.21773,19.943826,19.302641400000006,10.0,1.7260960000000019
2J1G,ASN215_B,paucimannose,glycoshield,30,30,1.548837,1.822323,1.8956864999999998,5.868387,5.5625675,5.6226180999999995,76.66666666666667,-0.30581950000000013,18.21773,16.802003,16.925580600000004,86.66666666666667,-1.4157270000000004
2PE4,ASN350_A,paucimannose,glycoshape,30,30,1.47111,2.9153265,2.631493,6.145381,6.747829,6.7378678999999995,0.0,0.6024479999999999,19.620868,20.2330875,20.10420166666667,23.333333333333332,0.6122194999999984
2PE4,ASN350_A,paucimannose,glycoshield,30,30,2.003852,2.525387,2.5170702666666664,6.145381,6.646955999999999,6.596650666666666,3.3333333333333335,0.501574999999999,19.620868,20.487305499999998,20.536634600000006,16.666666666666664,0.8664374999999964
2QL1,ASN297_A,complex,glycoshape,30,30,2.301994,2.992153,2.9564187666666664,8.334387,8.199574,8.063799066666666,70.0,-0.1348129999999994,25.506319,25.493192,24.776013600000002,70.0,-0.013127000000000777
2QL1,ASN297_A,complex,glycoshield,30,30,2.199188,2.8249139999999997,2.8113478,8.334387,8.593094,8.598884733333334,16.666666666666664,0.25870700000000113,25.506319,27.7281145,27.583105999999997,6.666666666666667,2.221795499999999
2QWB,ASN200_A,high_mannose,glycoshape,30,30,1.861719,2.2123125000000003,2.2202121666666668,7.873648,6.918293,7.114660300000001,100.0,-0.955355,24.79161,22.579547,22.019595000000002,100.0,-2.212062999999997
2QWB,ASN200_A,high_mannose,glycoshield,30,30,2.885079,3.3691775,3.3644755999999996,7.873648,7.188459,7.212070100000002,100.0,-0.6851890000000003,24.79161,23.4525085,23.162203666666663,100.0,-1.3391014999999982
3AVE,ASN297_A,complex,glycoshape,30,30,1.665815,1.666306,1.7760556333333328,7.808997,7.288047,7.4298679666666665,66.66666666666666,-0.52095,23.771213,22.737359,22.98141323333333,100.0,-1.033853999999998
3AVE,ASN297_A,complex,glycoshield,30,30,0.783945,1.793834,1.7779274333333333,7.808997,7.789992,7.749448166666666,56.666666666666664,-0.01900499999999994,23.771213,22.9599775,22.887729733333334,90.0,-0.8112354999999987
3AVE,ASN297_B,complex,glycoshape,30,30,1.522628,1.5916825000000001,1.5778858333333332,7.625988,7.213528,7.228438800000001,100.0,-0.41246000000000027,22.990132,22.557198,22.5933028,100.0,-0.4329339999999995
3AVE,ASN297_B,complex,glycoshield,30,30,0.860894,1.642835,1.6098821666666663,7.625988,7.77024,7.725641100000001,26.666666666666668,0.14425199999999982,22.990132,22.826009,22.877035166666666,53.333333333333336,-0.16412300000000002
3DGC,ASN172_R,paucimannose,glycoshape,30,30,1.138749,1.719412,1.5342026333333334,6.168279,6.722976,6.593362399999999,0.0,0.554697,18.876351,20.417259,19.937292800000005,0.0,1.5409080000000017
3DGC,ASN172_R,paucimannose,glycoshield,30,30,1.38568,2.0483655,2.0211976333333337,6.168279,5.558792,5.622756000000001,90.0,-0.6094869999999997,18.876351,16.837573,16.9562082,93.33333333333333,-2.0387780000000006
4B7I,ASN297_A,high_mannose,glycoshape,30,30,2.063256,2.063331,2.1028623,7.67786,7.296107,7.172216566666666,100.0,-0.3817529999999998,23.123874,24.804409,24.415039566666664,0.0,1.680534999999999
4B7I,ASN297_A,high_mannose,glycoshield,30,30,1.511367,2.1003275,2.062882333333333,7.67786,7.3213785,7.302789299999998,96.66666666666667,-0.3564815000000001,23.123874,21.782942,21.99321636666667,86.66666666666667,-1.3409320000000022
4C54,ASN297_A,complex,glycoshape,30,30,1.570307,2.296427,2.0073357,7.750855,6.886329,7.042045366666666,100.0,-0.8645259999999997,23.863154,18.761959,20.34014830000001,100.0,-5.101195000000001
4C54,ASN297_A,complex,glycoshield,30,30,0.845414,1.7417259999999999,1.7337460333333334,7.750855,7.7900265,7.749497666666666,43.333333333333336,0.03917150000000014,23.863154,22.9540795,22.887131166666663,90.0,-0.9090745000000027
4C54,ASN297_B,complex,glycoshape,30,30,1.547541,1.583332,1.5702630999999996,7.410667,7.288055,7.260758666666669,100.0,-0.12261200000000017,22.779262,22.737227,22.671352066666664,100.0,-0.04203499999999849
4C54,ASN297_B,complex,glycoshield,30,30,0.951227,1.661906,1.726366566666667,7.410667,7.7904800000000005,7.7495876333333324,0.0,0.3798130000000004,22.779262,22.956668999999998,22.887615066666665,46.666666666666664,0.17740699999999876
5IW3,ASN320_A,complex,glycoshape,30,30,2.906672,3.398001,3.3360185666666666,8.283797,7.325002,7.439129833333334,90.0,-0.9587950000000003,25.045115,22.8641,23.00966066666667,100.0,-2.1810149999999986
5IW3,ASN320_A,complex,glycoshield,30,30,1.826646,2.5972755000000003,2.5871099666666666,8.283797,8.299623,8.320650566666666,46.666666666666664,0.015826000000000562,25.045115,25.5418035,25.716548999999997,40.0,0.4966885000000012
5L2J,ASN57_A,paucimannose,glycoshape,30,30,1.0514,1.915765,1.6792155333333336,6.338323,6.415742,6.6469658333333355,3.3333333333333335,0.0774189999999999,18.554224,19.8538005,20.16848083333333,0.0,1.299576499999997
5L2J,ASN57_A,paucimannose,glycoshield,30,30,0.93713,1.3456535,1.3979934000000003,6.338323,6.4252105,6.3938807,40.0,0.08688750000000045,18.554224,19.0394285,19.087201933333333,16.666666666666664,0.48520449999999826
5XWD,ASN328_A,complex,glycoshape,30,30,2.212043,2.218225,2.222844166666667,7.246243,7.7279235,7.717100833333333,0.0,0.4816805000000004,21.625086,22.144812,22.142129433333334,0.0,0.5197260000000021
5XWD,ASN328_A,complex,glycoshield,30,30,1.516345,1.893486,1.9219785999999999,7.246243,7.494484,7.4047892,16.666666666666664,0.24824100000000016,21.625086,21.483118,21.418842499999993,56.666666666666664,-0.14196799999999854
6CMG,ASN529_A,paucimannose,glycoshape,30,30,1.024629,1.0247350000000002,1.0510905999999998,6.135845,6.1421585,6.1507763666666655,0.0,0.006313500000000083,18.718326,18.795803,18.870049533333333,0.0,0.07747699999999824
6CMG,ASN529_A,paucimannose,glycoshield,30,30,1.33902,1.536177,1.6024142,6.135845,6.097882500000001,6.004386233333332,56.666666666666664,-0.03796249999999901,18.718326,19.181440000000002,18.748871633333334,40.0,0.4631140000000009
6F9T,ASN109_A,complex,glycoshape,30,30,1.762188,1.7910135,1.847263566666667,7.649125,7.288038500000001,7.3415683000000005,83.33333333333334,-0.361086499999999,22.501392,22.737349,22.81765023333333,0.0,0.23595699999999908
6F9T,ASN109_A,complex,glycoshield,30,30,1.374576,2.043667,2.036736966666667,7.649125,7.770609,7.684430699999999,36.666666666666664,0.12148400000000059,22.501392,22.95915,22.856224833333336,33.33333333333333,0.4577580000000019
6FB3,ASN2365_A,high_mannose,glycoshape,30,30,1.450466,1.57235,1.7367017333333334,7.60561,7.682413,7.604642866666666,26.666666666666668,0.07680299999999995,23.215154,25.2528535,24.17305513333333,26.666666666666668,2.037699500000002
6FB3,ASN2365_A,high_mannose,glycoshield,30,30,1.478942,1.8915865,1.8704207333333334,7.60561,7.375106499999999,7.3560457,93.33333333333333,-0.23050350000000108,23.215154,22.605580500000002,22.459572433333335,73.33333333333333,-0.6095734999999962
6FB3,ASN2365_B,high_mannose,glycoshape,30,30,1.577537,1.5776435,1.8457094333333333,7.607793,7.682391,7.602103033333333,43.333333333333336,0.07459799999999994,23.203747,25.252823,24.72822513333333,0.0,2.0490759999999995
6FB3,ASN2365_B,high_mannose,glycoshield,30,30,1.492714,1.8923355000000002,1.8628223,7.607793,7.374872,7.372350366666668,93.33333333333333,-0.23292100000000016,23.203747,22.608223000000002,22.483469366666665,73.33333333333333,-0.5955239999999975
6FB3,ASN2365_C,high_mannose,glycoshape,30,30,1.571277,2.2052235,1.9311344666666668,7.610888,7.497122,7.577386399999999,56.666666666666664,-0.11376600000000003,23.202966,24.0415395,24.566551466666663,0.0,0.838573499999999
6FB3,ASN2365_C,high_mannose,glycoshield,30,30,1.505202,1.8634315,1.8633766666666665,7.610888,7.374912,7.367527066666667,96.66666666666667,-0.23597599999999996,23.202966,22.60801,22.473760366666664,73.33333333333333,-0.5949559999999998
6FB3,ASN2365_D,high_mannose,glycoshape,30,30,1.452121,1.56599,1.813476,7.629752,7.682378,7.532803066666668,43.333333333333336,0.05262600000000006,23.263844,24.040916,23.843540200000003,30.0,0.7770720000000004
6FB3,ASN2365_D,high_mannose,glycoshield,30,30,1.511133,1.852573,1.8740328333333334,7.629752,7.375292,7.358763766666668,93.33333333333333,-0.2544599999999999,23.263844,22.606807500000002,22.408411166666667,73.33333333333333,-0.6570364999999967
6X3X,ASN111_B,high_mannose,glycoshape,30,30,1.933215,1.934488,1.9514056333333336,7.787883,7.5389285,7.5188578999999995,100.0,-0.24895449999999997,24.898782,25.183452,25.037828199999996,3.3333333333333335,0.2846699999999984
6X3X,ASN111_B,high_mannose,glycoshield,30,30,1.816685,2.8122825000000002,2.7562844333333336,7.787883,8.002516,7.9592177,16.666666666666664,0.21463300000000007,24.898782,24.3642085,24.344058733333334,70.0,-0.5345735000000005
