pdb_id,site,glycan_class,_linkage_match_key,tool,n_models,reference_phi,tool_circular_mean_phi,min_circular_distance_phi,median_circular_distance_phi,mean_circular_distance_phi,reference_psi,tool_circular_mean_psi,min_circular_distance_psi,median_circular_distance_psi,mean_circular_distance_psi,reference_omega,tool_circular_mean_omega,min_circular_distance_omega,median_circular_distance_omega,mean_circular_distance_omega
1BHG,ASN173_A,high_mannose,BMA-NAG_b_4,glycoshield,30,-77.92,278.67432781565003,0.10000000000002274,11.105000000000004,17.000666666666667,-132.33,236.71934129062828,0.10999999999998522,14.514999999999986,14.87733333333333,,,,,
1BHG,ASN173_A,high_mannose,MAN-BMA_a_3,glycoshield,30,69.87,77.5871725566609,0.12000000000000455,9.060000000000002,12.352333333333329,109.74,125.88583606557393,1.259999999999991,12.86,20.263999999999996,,,,,
1BHG,ASN173_A,high_mannose,MAN-BMA_a_6,glycoshield,30,66.82,67.11118010374639,0.6899999999999977,7.184999999999988,8.309999999999999,-166.89,186.74820623278524,0.8799999999999955,13.329999999999998,26.40433333333333,74.99,70.9722257534188,0.5200000000000102,13.454999999999998,25.698999999999998
1BHG,ASN173_A,high_mannose,MAN-MAN_a_2,glycoshield,30,80.19,79.08181374639952,0.5300000000000011,8.680000000000007,9.345666666666666,-158.9,138.96336943528763,21.099999999999994,66.23000000000002,62.15966666666666,,,,,
1BHG,ASN173_A,high_mannose,MAN-MAN_a_3,glycoshield,30,78.9,71.556428042829,1.9800000000000182,8.740000000000009,9.473666666666668,163.34,120.99334855078388,2.680000000000007,45.72,43.761333333333326,,,,,
1BHG,ASN173_A,high_mannose,MAN-MAN_a_6,glycoshield,30,57.27,71.58432274109867,0.18000000000000682,13.544999999999987,15.118666666666668,147.81,156.13995859032752,0.19999999999998863,9.034999999999997,12.586333333333332,-66.92,295.31125873140076,0.0,6.7450000000000045,7.462
1BHG,ASN173_A,high_mannose,NAG-NAG_b_4,glycoshield,30,-77.24,282.8048029981957,2.009999999999991,9.210000000000008,10.88533333333333,-113.68,222.1177027483054,0.0800000000000125,19.955,42.10366666666666,,,,,
1BHG,ASN173_B,high_mannose,BMA-NAG_b_4,glycoshield,30,-64.31,272.4407221323304,1.8300000000000125,24.814999999999998,26.884999999999994,-137.73,229.38637350578952,0.46000000000000796,13.600000000000009,16.020999999999994,,,,,
1BHG,ASN173_B,high_mannose,MAN-BMA_a_3,glycoshield,30,87.1,79.68739256389654,0.21999999999999886,11.405000000000001,12.82366666666666,99.57,123.79263645089765,0.4900000000000091,23.014999999999986,27.214666666666677,,,,,
1BHG,ASN173_B,high_mannose,MAN-BMA_a_6,glycoshield,30,50.72,67.35855346129688,0.6999999999999886,14.86,16.69,-155.37,195.4228747650247,1.789999999999992,17.36999999999999,24.890666666666668,74.19,80.73013528634306,1.6899999999999977,16.224999999999994,33.52633333333334
1BHG,ASN173_B,high_mannose,MAN-MAN_a_2,glycoshield,30,77.45,79.03316371894846,0.18000000000000682,8.224999999999994,9.07433333333333,-146.79,138.39025963233735,27.640000000000015,75.92000000000002,74.954,,,,,
1BHG,ASN173_B,high_mannose,MAN-MAN_a_3,glycoshield,30,26.19,74.18888842892073,24.24000000000001,46.00500000000001,48.04233333333333,110.48,122.77665523078434,0.6100000000000136,10.025000000000006,19.69033333333333,,,,,
1BHG,ASN173_B,high_mannose,MAN-MAN_a_6,glycoshield,30,61.33,71.61194709162254,0.4800000000000182,11.349999999999994,11.452333333333335,156.56,151.49957999201672,0.15000000000000568,6.965000000000003,11.745000000000003,-67.94,295.291147374512,0.36000000000001364,6.349999999999994,7.113666666666668
1BHG,ASN173_B,high_mannose,NAG-NAG_b_4,glycoshield,30,-66.26,287.1296161193127,1.5200000000000102,9.569999999999993,11.895999999999997,-114.36,227.6621830783674,0.19999999999998863,12.555000000000007,40.59733333333334,,,,,
1OYH,ASN192_L,paucimannose,BMA-NAG_b_4,glycoshield,30,-99.76,283.26060899979,6.680000000000007,22.155,23.499333333333343,-81.73,222.21300818944835,33.22,50.22,58.84966666666667,,,,,
1OYH,ASN192_L,paucimannose,MAN-BMA_a_3,glycoshield,30,-31.74,75.73398306036825,77.15999999999997,104.315,108.09566666666663,93.74,121.12317307110112,0.9599999999999795,22.35000000000001,28.63100000000001,,,,,
1OYH,ASN192_L,paucimannose,MAN-BMA_a_6,glycoshield,30,59.31,63.24760486476117,0.8199999999999932,6.749999999999986,8.713333333333331,88.41,187.33331682859273,1.3700000000000045,107.98500000000001,95.83766666666669,10.4,58.3691490136282,27.379999999999995,47.629999999999995,50.096666666666664
1OYH,ASN192_L,paucimannose,NAG-NAG_b_4,glycoshape,30,-86.74,279.24126079406165,2.1499999999999773,2.2450000000000045,5.994333333333331,-85.54,214.56162206288448,40.349999999999994,66.86,59.810999999999986,,,,,
1OYH,ASN192_L,paucimannose,NAG-NAG_b_4,glycoshield,30,-86.74,283.1948045979111,0.28000000000000114,12.125,15.170333333333334,-85.54,226.96592122123528,11.589999999999975,44.31,47.629999999999995,,,,,
2J1G,ASN215_B,paucimannose,BMA-NAG_b_4,glycoshield,30,-82.22,281.4380182371308,0.18000000000000682,9.564999999999998,11.412,-124.93,220.0353827158694,3.430000000000007,13.105000000000004,19.736333333333324,,,,,
2J1G,ASN215_B,paucimannose,FUC-NAG_a_6,glycoshape,30,-69.89,278.83570201779673,6.360000000000014,10.700000000000003,13.440333333333335,107.46,164.11723251925514,33.079999999999984,46.25999999999999,57.03133333333335,45.16,308.2609475536281,8.340000000000003,117.91,86.43099999999998
2J1G,ASN215_B,paucimannose,FUC-NAG_a_6,glycoshield,30,-69.89,291.19069818653776,0.13999999999998636,5.134999999999991,5.528333333333334,107.46,165.08887240284946,22.29000000000002,61.43000000000001,57.49800000000001,45.16,291.36700240200645,97.21,116.24000000000001,113.77633333333333
2J1G,ASN215_B,paucimannose,MAN-BMA_a_6,glycoshield,30,54.12,67.04951282761789,0.009999999999990905,10.78500000000001,12.949000000000002,-155.62,158.91700485590718,1.8499999999999943,45.41,48.71866666666667,70.77,349.80939591377927,0.589999999999975,129.165,77.46366666666667
2J1G,ASN215_B,paucimannose,NAG-NAG_b_4,glycoshape,30,-73.64,282.4488354218562,0.09000000000000341,3.670000000000016,3.9130000000000007,-131.3,223.22479892071945,0.7400000000000091,1.1499999999999773,6.044666666666659,,,,,
2J1G,ASN215_B,paucimannose,NAG-NAG_b_4,glycoshield,30,-73.64,275.6948978783919,0.4099999999999966,12.090000000000003,12.343666666666671,-131.3,228.5513868548899,1.5500000000000114,13.83999999999999,17.294666666666664,,,,,
2PE4,ASN350_A,paucimannose,BMA-NAG_b_4,glycoshield,30,-81.67,285.52100721207717,0.3100000000000023,9.409999999999997,11.118999999999998,-134.32,228.88982697130987,0.060000000000002274,9.20999999999998,17.475999999999992,,,,,
2PE4,ASN350_A,paucimannose,MAN-BMA_a_3,glycoshield,30,123.84,68.72297316849279,27.310000000000002,57.620000000000005,55.053999999999995,-151.02,119.02444336731998,25.090000000000003,97.03499999999997,89.28033333333333,,,,,
2PE4,ASN350_A,paucimannose,MAN-BMA_a_6,glycoshield,30,55.11,66.57987582684325,1.740000000000009,12.36,13.187000000000001,-156.56,146.4646638027142,26.430000000000064,49.849999999999966,59.77466666666667,72.97,291.85879718183037,122.87,140.64,141.105
2PE4,ASN350_A,paucimannose,MAN-MAN_a_3,glycoshape,30,47.71,73.42102786300262,18.319999999999993,20.599999999999994,25.71366666666666,111.33,134.90163642423522,4.740000000000009,17.78,23.558333333333334,,,,,
2PE4,ASN350_A,paucimannose,MAN-MAN_a_3,glycoshield,30,47.71,73.9112578854473,7.280000000000001,25.415000000000006,26.197666666666667,111.33,117.9594588189741,0.09999999999999432,15.734999999999985,19.039666666666665,,,,,
2PE4,ASN350_A,paucimannose,NAG-NAG_b_4,glycoshape,30,-71.68,268.85799705726015,3.1200000000000045,16.405,19.44533333333333,-96.9,216.99607677227743,24.139999999999986,44.76999999999998,46.069999999999986,,,,,
2PE4,ASN350_A,paucimannose,NAG-NAG_b_4,glycoshield,30,-71.68,283.8432320153329,0.020000000000010232,8.540000000000006,10.159666666666668,-96.9,227.65365348953932,1.1200000000000045,31.534999999999997,35.85066666666667,,,,,
2QL1,ASN297_A,complex,BMA-NAG_b_4,glycoshield,30,-109.89,278.8311199714024,7.969999999999999,30.955,29.697000000000003,-140.73,227.28465892258106,1.4899999999999807,15.919999999999987,17.13599999999999,,,,,
2QL1,ASN297_A,complex,FUC-NAG_a_6,glycoshape,30,-16.88,282.08205809862653,54.78,58.36000000000001,61.039666666666676,-113.4,150.22093849804565,82.26999999999998,94.9,96.51533333333333,32.54,271.54255349251207,109.47,120.205,121.00000000000001
2QL1,ASN297_A,complex,FUC-NAG_a_6,glycoshield,30,-16.88,287.70071501781695,36.129999999999995,53.91000000000001,55.45066666666667,-113.4,146.02183534827856,59.98999999999998,99.555,100.54066666666667,32.54,288.0350427087949,84.89,106.925,104.50999999999998
2QL1,ASN297_A,complex,GAL-NAG_u_4,glycoshield,30,-44.92,286.48471068453165,4.22999999999999,30.935000000000002,29.554666666666662,-127.08,229.086236597843,0.2300000000000182,4.780000000000001,8.778333333333336,,,,,
2QL1,ASN297_A,complex,MAN-BMA_a_3,glycoshield,30,75.57,71.27227490390368,0.6200000000000045,9.254999999999995,10.414333333333332,130.28,121.18469989517564,0.03999999999999204,16.14999999999999,19.762333333333334,,,,,
2QL1,ASN297_A,complex,MAN-BMA_a_6,glycoshield,30,56.15,66.23751236273858,0.8799999999999955,10.990000000000009,11.438333333333338,-153.47,176.47542360591183,0.4399999999999977,17.495000000000005,35.64566666666667,67.52,53.72005234575255,0.8700000000000045,15.780000000000001,14.368999999999998
2QL1,ASN297_A,complex,NAG-MAN_b_2,glycoshape,30,-66.47,286.7337580919992,1.1200000000000045,8.780000000000001,7.679666666666667,144.28,118.20520396259747,7.6699999999999875,17.554999999999993,30.809666666666672,,,,,
2QL1,ASN297_A,complex,NAG-MAN_b_2,glycoshield,30,-66.47,285.2807090477985,0.4800000000000182,13.775000000000006,14.49333333333334,144.28,145.905385909875,0.4099999999999966,18.810000000000002,22.02333333333333,,,,,
2QL1,ASN297_A,complex,NAG-NAG_b_4,glycoshape,30,-91.6,282.1204565817716,9.419999999999987,13.740000000000009,13.725666666666664,-149.17,233.8697450876902,19.20999999999998,23.22999999999999,23.042666666666655,,,,,
2QL1,ASN297_A,complex,NAG-NAG_b_4,glycoshield,30,-91.6,285.4577987920137,1.1100000000000136,11.549999999999997,17.258333333333326,-149.17,228.9112039781493,3.2299999999999898,21.075000000000017,21.979666666666656,,,,,
2QWB,ASN200_A,high_mannose,BMA-NAG_b_4,glycoshield,30,-76.85,282.3486413232733,0.7400000000000091,7.590000000000003,9.361000000000002,-120.01,229.62735148707253,0.4800000000000182,11.564999999999998,20.08,,,,,
2QWB,ASN200_A,high_mannose,MAN-BMA_a_3,glycoshield,30,73.1,77.23192032085007,0.03999999999999204,10.120000000000005,10.906666666666668,99.94,128.03050637472006,0.5099999999999909,27.775000000000006,28.654333333333334,,,,,
2QWB,ASN200_A,high_mannose,MAN-BMA_a_6,glycoshield,30,67.5,72.06229587612228,0.29000000000002046,4.590000000000003,6.892333333333337,107.88,154.62951850046443,28.789999999999992,48.13000000000001,49.59433333333334,78.66,292.2064907357159,128.98,146.695,146.45600000000002
2QWB,ASN200_A,high_mannose,MAN-MAN_a_2,glycoshape,30,67.49,76.46009965412463,0.2400000000000091,4.340000000000003,9.00533333333334,58.19,154.5189159006635,75.21000000000001,92.07,96.35200000000002,,,,,
2QWB,ASN200_A,high_mannose,NAG-NAG_b_4,glycoshape,30,-81.0,284.1426785219889,0.5699999999999932,7.7099999999999795,7.393999999999996,-102.09,232.19427039134365,18.159999999999997,26.47999999999999,25.714666666666663,,,,,
2QWB,ASN200_A,high_mannose,NAG-NAG_b_4,glycoshield,30,-81.0,278.69252032253024,1.6200000000000045,9.334999999999994,11.826666666666672,-102.09,221.84525660667506,4.8700000000000045,32.67999999999999,36.62133333333333,,,,,
3AVE,ASN297_A,complex,BMA-NAG_b_4,glycoshield,30,-92.4,279.68614507956136,1.490000000000009,11.905000000000001,15.15633333333334,-150.02,225.68011246051375,0.46999999999999886,21.245000000000005,21.86966666666667,,,,,
3AVE,ASN297_A,complex,FUC-NAG_a_6,glycoshape,30,-72.67,258.23403858895233,12.689999999999998,29.159999999999997,33.56633333333332,111.67,143.68262408996657,26.319999999999993,28.870000000000005,32.01266666666667,-67.07,277.0629767485362,4.47999999999999,31.30000000000001,20.013333333333332
3AVE,ASN297_A,complex,FUC-NAG_a_6,glycoshield,30,-72.67,287.151335789232,0.6200000000000045,11.954999999999998,12.360000000000001,111.67,150.5455355416782,6.009999999999991,37.065,38.836666666666666,-67.07,288.87404371917523,0.2699999999999818,7.214999999999989,6.931333333333333
3AVE,ASN297_A,complex,MAN-BMA_a_3,glycoshield,30,76.73,73.82146404247317,0.6100000000000136,8.14500000000001,9.453333333333335,130.36,121.45052715325585,1.6000000000000227,17.840000000000003,22.507000000000005,,,,,
3AVE,ASN297_A,complex,MAN-BMA_a_6,glycoshield,30,72.56,66.32755482284767,0.09000000000000341,8.240000000000009,9.715333333333335,-167.96,198.97935058536672,0.05000000000001137,8.694999999999993,10.815000000000003,60.11,60.21467640185995,0.27000000000001023,7.275000000000006,8.208333333333336
3AVE,ASN297_A,complex,NAG-MAN_b_2,glycoshape,30,-79.93,278.20681108425526,0.20999999999997954,4.800000000000011,5.092999999999995,154.79,156.63921825818784,11.320000000000022,19.370000000000005,19.945666666666682,,,,,
3AVE,ASN297_A,complex,NAG-MAN_b_2,glycoshield,30,-79.93,288.79529505251026,0.36000000000001364,8.269999999999996,12.393666666666668,154.79,141.8205390020305,0.6299999999999955,23.905,28.323999999999995,,,,,
3AVE,ASN297_A,complex,NAG-NAG_b_4,glycoshape,30,-91.79,280.2835653848359,9.610000000000014,9.830000000000013,12.073666666666686,-155.97,238.91975859541668,27.47999999999999,31.420000000000016,34.89833333333334,,,,,
3AVE,ASN297_A,complex,NAG-NAG_b_4,glycoshield,30,-91.79,283.2945727830135,0.39999999999997726,13.815000000000012,15.122666666666674,-155.97,231.65965929097825,4.02000000000001,29.99000000000001,29.290000000000003,,,,,
3AVE,ASN297_B,complex,BMA-NAG_b_4,glycoshield,30,-88.18,278.8119299000625,0.4199999999999875,12.545000000000016,13.127000000000002,-151.91,224.12055531649733,0.539999999999992,21.715000000000003,21.812666666666654,,,,,
3AVE,ASN297_B,complex,FUC-NAG_a_6,glycoshape,30,-78.4,252.29849286399326,18.49000000000001,39.95999999999998,35.67633333333333,132.37,146.28386038992244,5.569999999999993,15.97999999999999,13.908333333333328,-76.82,289.46037775600644,14.259999999999991,14.349999999999994,17.011999999999993
3AVE,ASN297_B,complex,FUC-NAG_a_6,glycoshield,30,-78.4,286.1871675718731,0.9900000000000091,10.344999999999999,12.538666666666668,132.37,151.30161660676146,1.240000000000009,16.96499999999999,21.819999999999993,-76.82,289.6392962523395,0.18000000000000682,6.639999999999986,8.04266666666666
3AVE,ASN297_B,complex,MAN-BMA_a_3,glycoshield,30,73.06,72.80197369282263,0.13999999999998636,6.584999999999994,8.433000000000002,133.89,119.07568935337639,2.3500000000000227,21.14999999999999,23.454999999999988,,,,,
3AVE,ASN297_B,complex,MAN-BMA_a_6,glycoshield,30,61.99,66.2050507888523,0.789999999999992,6.655000000000001,8.295333333333334,-164.74,195.21121115454187,0.14000000000001478,10.280000000000015,15.677666666666672,65.46,60.00578254060264,0.3100000000000023,10.709999999999994,10.100999999999996
3AVE,ASN297_B,complex,NAG-MAN_b_2,glycoshape,30,-69.34,276.5067831265044,10.759999999999991,10.829999999999984,14.176333333333325,172.57,141.38812548599594,6.47999999999999,37.16,31.038999999999998,,,,,
3AVE,ASN297_B,complex,NAG-MAN_b_2,glycoshield,30,-69.34,287.70220640053435,1.990000000000009,11.124999999999986,11.521666666666667,172.57,142.5655802760685,0.1699999999999875,26.14999999999999,33.626666666666665,,,,,
3AVE,ASN297_B,complex,NAG-NAG_b_4,glycoshape,30,-96.16,281.92831687269324,14.0,19.099999999999994,18.08766666666666,-142.85,234.71662405352583,14.439999999999998,18.329999999999984,17.566333333333326,,,,,
3AVE,ASN297_B,complex,NAG-NAG_b_4,glycoshield,30,-96.16,284.433751666338,6.060000000000002,18.064999999999998,20.603666666666662,-142.85,231.93783260408546,0.20000000000001705,20.86999999999999,18.612,,,,,
3DGC,ASN172_R,paucimannose,BMA-NAG_b_4,glycoshield,30,-74.0,280.956388535202,0.4099999999999966,10.075000000000017,12.637666666666666,-117.11,214.8279170685168,5.730000000000018,25.049999999999983,28.445666666666668,,,,,
3DGC,ASN172_R,paucimannose,FUC-NAG_a_6,glycoshape,30,-63.12,277.49743835899426,17.069999999999993,17.129999999999995,19.384333333333338,-153.82,176.05888583130945,9.379999999999995,9.430000000000007,30.575666666666674,-40.28,13.746987712894395,32.48000000000002,93.77999999999997,75.93666666666667
3DGC,ASN172_R,paucimannose,FUC-NAG_a_6,glycoshield,30,-63.12,290.90155157531643,0.5300000000000011,9.045000000000002,8.81766666666667,-153.82,155.38802801489066,27.860000000000014,47.33000000000001,50.86000000000001,-40.28,289.81951476642087,14.349999999999994,30.985000000000014,29.924666666666667
3DGC,ASN172_R,paucimannose,MAN-BMA_a_6,glycoshield,30,42.72,68.14187651509474,11.210000000000008,23.25,25.497999999999998,125.14,160.76122280468257,8.610000000000014,36.065,46.49833333333333,-51.59,336.8556698445098,6.509999999999991,21.909999999999997,55.495000000000005
3DGC,ASN172_R,paucimannose,NAG-NAG_b_4,glycoshape,30,-96.62,283.21894587786306,13.930000000000007,19.30000000000001,19.83833333333333,-121.67,220.78035517063097,8.829999999999984,22.360000000000014,17.545,,,,,
3DGC,ASN172_R,paucimannose,NAG-NAG_b_4,glycoshield,30,-96.62,269.85126031677214,0.47999999999998977,10.319999999999993,9.974666666666668,-121.67,223.35894541487363,0.5699999999999932,18.825000000000003,18.794999999999998,,,,,
4B7I,ASN297_A,high_mannose,BMA-NAG_b_4,glycoshield,30,-90.18,283.2529222983767,1.3400000000000034,12.985000000000014,17.231333333333335,-138.5,228.2117230108166,0.030000000000001137,13.025000000000006,12.062666666666667,,,,,
4B7I,ASN297_A,high_mannose,FUC-NAG_a_6,glycoshape,30,-67.35,268.5534502740453,11.689999999999998,29.330000000000013,24.073000000000004,122.65,157.4122449884769,32.650000000000006,32.69,34.76366666666667,-75.28,279.5023419952017,4.740000000000009,4.860000000000014,5.217666666666667
4B7I,ASN297_A,high_mannose,FUC-NAG_a_6,glycoshield,30,-67.35,290.01505242681657,0.21999999999999886,9.39,10.218666666666671,122.65,144.3824106752836,0.8799999999999955,25.109999999999985,23.750333333333334,-75.28,297.2231226763174,0.1599999999999966,10.719999999999999,18.575333333333333
4B7I,ASN297_A,high_mannose,MAN-BMA_a_3,glycoshield,30,126.41,72.37347699354257,33.28,52.19500000000001,54.03966666666666,142.24,125.26606324014836,0.7599999999999909,21.465000000000003,21.80733333333334,,,,,
4B7I,ASN297_A,high_mannose,MAN-BMA_a_6,glycoshield,30,76.27,68.8631761179546,1.039999999999992,10.70999999999998,10.873333333333328,74.02,152.11472660809454,13.780000000000001,83.23000000000002,77.7426666666667,-78.46,291.644654193644,1.089999999999975,9.294999999999987,10.714999999999996
4B7I,ASN297_A,high_mannose,MAN-MAN_a_3,glycoshape,30,103.11,66.80093982672207,12.45999999999998,46.170000000000016,36.14066666666667,-48.44,117.11975901195274,155.31,155.375,159.75833333333333,,,,,
4B7I,ASN297_A,high_mannose,MAN-MAN_a_3,glycoshield,30,103.11,73.71527577332597,3.519999999999982,30.379999999999995,29.911333333333328,-48.44,118.1086413234064,141.75,159.515,160.22733333333332,,,,,
4B7I,ASN297_A,high_mannose,MAN-MAN_a_6,glycoshape,30,141.19,71.39798812470508,65.94,66.05,69.80066666666667,-84.74,176.3842234615522,96.57,96.60000000000002,98.8776666666667,160.72,299.06852318505065,132.17000000000002,140.94,138.34566666666663
4B7I,ASN297_A,high_mannose,MAN-MAN_a_6,glycoshield,30,141.19,67.56675540315257,43.97,73.21000000000001,73.59566666666666,-84.74,177.857444342971,43.579999999999984,87.545,101.19433333333332,160.72,65.27960597861562,10.02000000000001,94.83500000000001,93.71666666666665
4B7I,ASN297_A,high_mannose,NAG-NAG_b_4,glycoshape,30,-87.5,280.6798749714357,5.560000000000002,9.280000000000001,8.179666666666671,-155.18,230.55798961011521,11.300000000000011,31.845000000000013,25.700666666666674,,,,,
4B7I,ASN297_A,high_mannose,NAG-NAG_b_4,glycoshield,30,-87.5,283.2922307562176,0.38999999999998636,11.950000000000003,13.763666666666666,-155.18,228.83984231654983,2.5500000000000114,28.220000000000013,29.321666666666673,,,,,
4C54,ASN297_A,complex,BMA-NAG_b_4,glycoshield,30,-93.28,279.4441645439364,0.5900000000000034,12.039999999999992,15.573333333333334,-162.2,225.79017780308848,0.18999999999999773,32.25999999999999,29.56133333333332,,,,,
4C54,ASN297_A,complex,FUC-NAG_a_6,glycoshape,30,-72.37,266.8106435339723,12.29000000000002,35.69,28.59566666666667,111.25,117.14882420356275,8.920000000000016,8.920000000000016,16.75900000000001,-67.16,275.74940671007704,4.6200000000000045,8.379999999999995,17.792333333333332
4C54,ASN297_A,complex,FUC-NAG_a_6,glycoshield,30,-72.37,287.14302571246884,0.5999999999999943,12.169999999999987,12.278333333333334,111.25,150.614259440823,6.680000000000007,37.36500000000001,39.32733333333333,-67.16,288.95695060816263,0.030000000000001137,7.219999999999999,6.912333333333336
4C54,ASN297_A,complex,MAN-BMA_a_3,glycoshield,30,78.43,73.88159857600192,0.6200000000000045,9.52000000000001,9.821666666666667,117.78,121.43678842610757,1.3899999999999864,18.814999999999998,20.343,,,,,
4C54,ASN297_A,complex,MAN-BMA_a_6,glycoshield,30,70.87,66.4093861782099,0.5500000000000114,5.795000000000002,8.698000000000004,-167.11,198.966314970081,0.5199999999999818,8.894999999999996,10.531000000000006,57.18,60.15254694480967,0.5600000000000023,5.824999999999989,8.162333333333333
4C54,ASN297_A,complex,NAG-MAN_b_2,glycoshape,30,-89.01,273.61964065353726,7.7900000000000205,7.7900000000000205,7.9093333333333415,154.92,156.80008658224835,0.9499999999999886,0.9499999999999886,5.60666666666666,,,,,
4C54,ASN297_A,complex,NAG-MAN_b_2,glycoshield,30,-89.01,289.0172226333673,1.3500000000000227,16.974999999999994,18.441000000000006,154.92,140.98796712442402,0.7900000000000205,24.040000000000006,29.434666666666665,,,,,
4C54,ASN297_A,complex,NAG-NAG_b_4,glycoshape,30,-90.27,296.0255838648828,8.069999999999993,37.72999999999999,26.232666666666663,-151.66,251.79742469410752,23.139999999999986,56.370000000000005,43.36866666666665,,,,,
4C54,ASN297_A,complex,NAG-NAG_b_4,glycoshield,30,-90.27,283.33938751409266,0.37999999999999545,12.295000000000002,13.770666666666662,-151.66,231.58559119823875,3.1599999999999966,27.314999999999984,25.478333333333328,,,,,
4C54,ASN297_B,complex,BMA-NAG_b_4,glycoshield,30,-97.69,279.6124951991857,1.1800000000000068,16.245000000000005,18.51166666666667,-154.69,225.83814960610198,0.009999999999990905,24.495000000000005,24.649,,,,,
4C54,ASN297_B,complex,FUC-NAG_a_6,glycoshape,30,-70.85,279.2880427570507,10.75,10.859999999999985,24.285999999999998,107.14,141.79985927176733,30.839999999999975,30.889999999999986,34.663333333333334,-78.76,270.6179596269112,16.150000000000006,25.74000000000001,22.275333333333332
4C54,ASN297_B,complex,FUC-NAG_a_6,glycoshield,30,-70.85,287.2140642133867,1.339999999999975,12.61999999999999,12.297666666666668,107.14,150.57754567258007,10.280000000000001,41.370000000000005,43.39600000000001,-78.76,288.8759133216677,1.2300000000000182,7.9750000000000085,8.910000000000005
4C54,ASN297_B,complex,MAN-BMA_a_3,glycoshield,30,80.42,73.77971528175925,0.3199999999999932,10.274999999999991,10.627999999999997,119.76,121.43941120683155,0.30000000000001137,18.71499999999999,20.291,,,,,
4C54,ASN297_B,complex,MAN-BMA_a_6,glycoshield,30,70.82,66.40549833744547,0.36000000000001364,6.525000000000006,8.703666666666663,-175.38,198.93393574670952,0.38999999999998636,12.814999999999998,15.625666666666662,55.14,60.14603245140222,0.11000000000001364,5.5449999999999875,8.430666666666667
4C54,ASN297_B,complex,NAG-MAN_b_2,glycoshape,30,-87.55,269.1897532005068,7.340000000000003,9.350000000000023,8.649333333333335,157.89,154.93437944582274,8.170000000000016,8.240000000000009,13.446333333333337,,,,,
4C54,ASN297_B,complex,NAG-MAN_b_2,glycoshield,30,-87.55,288.55720787808264,0.6500000000000057,14.969999999999999,16.82766666666667,157.89,141.59833762369703,0.29999999999998295,21.580000000000013,28.89599999999999,,,,,
4C54,ASN297_B,complex,NAG-NAG_b_4,glycoshape,30,-90.33,279.7022533388483,8.139999999999986,8.194999999999993,10.032666666666653,-150.37,232.99913718276377,21.870000000000005,21.950000000000017,23.369333333333337,,,,,
4C54,ASN297_B,complex,NAG-NAG_b_4,glycoshield,30,-90.33,283.34783159810576,0.46000000000000796,12.370000000000005,13.811,-150.37,231.67893477696575,1.509999999999991,26.715000000000003,24.41833333333334,,,,,
5IW3,ASN320_A,complex,BMA-NAG_b_4,glycoshield,30,-85.52,276.55207575099826,0.38999999999998636,8.215000000000003,10.531666666666668,-152.85,212.5430902933194,0.5100000000000193,24.724999999999994,30.326000000000004,,,,,
5IW3,ASN320_A,complex,GAL-NAG_b_4,glycoshape,30,-54.36,280.3279849443376,13.879999999999995,26.060000000000002,25.306999999999995,-113.17,255.68957909337018,1.039999999999992,11.090000000000003,9.64633333333334,,,,,
5IW3,ASN320_A,complex,MAN-BMA_a_3,glycoshield,30,70.41,77.49563403159306,0.29000000000002046,8.215000000000003,10.656666666666668,139.87,122.40052653985174,2.75,23.01000000000002,25.60566666666666,,,,,
5IW3,ASN320_A,complex,MAN-BMA_a_6,glycoshield,30,54.17,64.96537655124581,1.670000000000016,13.08999999999999,12.889666666666667,-163.45,200.55172358573145,0.4000000000000057,7.459999999999994,9.753333333333327,58.09,59.6739212727295,0.27000000000001023,5.150000000000006,5.866666666666665
5IW3,ASN320_A,complex,NAG-MAN_b_2,glycoshape,30,-76.92,268.12937439019004,14.509999999999991,14.75,14.950666666666661,152.06,158.46883516498792,3.25,5.840000000000003,6.41033333333333,,,,,
5IW3,ASN320_A,complex,NAG-MAN_b_2,glycoshield,30,-76.92,289.425498295843,0.21999999999999886,8.810000000000002,10.080666666666666,152.06,150.46045058356526,0.4300000000000068,14.644999999999996,19.79833333333334,,,,,
5IW3,ASN320_A,complex,NAG-NAG_b_4,glycoshape,30,-91.5,277.48056687251363,0.5099999999999909,10.439999999999998,8.976999999999995,-147.93,222.1777648156737,1.6200000000000045,11.430000000000007,10.426333333333332,,,,,
5IW3,ASN320_A,complex,NAG-NAG_b_4,glycoshield,30,-91.5,279.71685116381553,0.4900000000000091,12.415000000000006,14.329666666666666,-147.93,224.63016007558,0.700000000000017,22.97500000000001,25.128333333333334,,,,,
5L2J,ASN57_A,paucimannose,BMA-NAG_b_4,glycoshield,30,-90.31,283.8111335151202,1.7099999999999795,19.89500000000001,17.43866666666667,-132.23,227.4942728406883,0.06999999999999318,11.594999999999985,19.720999999999997,,,,,
5L2J,ASN57_A,paucimannose,FUC-NAG_a_3,glycoshield,30,-73.34,298.6015944999511,0.05000000000001137,11.655000000000015,14.948333333333334,140.58,144.42475055208388,0.3300000000000125,4.150000000000006,5.249666666666662,,,,,
5L2J,ASN57_A,paucimannose,FUC-NAG_a_6,glycoshield,30,-61.95,293.48842150071346,0.30000000000001137,6.829999999999984,8.583333333333334,158.85,151.44432422715352,0.03999999999999204,11.864999999999995,15.458333333333334,-57.84,293.97245579690605,0.1699999999999875,6.855000000000004,8.874666666666663
5L2J,ASN57_A,paucimannose,MAN-BMA_a_3,glycoshield,30,79.92,74.93891120744871,0.20999999999997954,7.9950000000000045,9.250333333333336,138.58,122.11083036112996,3.75,27.765000000000015,25.923666666666676,,,,,
5L2J,ASN57_A,paucimannose,MAN-BMA_a_6,glycoshield,30,63.67,64.11930334202094,0.21999999999999886,8.219999999999999,7.853999999999999,-179.76,166.35591267563336,3.9500000000000455,21.309999999999988,29.67766666666667,64.25,354.02082656298495,2.8499999999999943,101.07000000000002,71.78733333333334
5L2J,ASN57_A,paucimannose,NAG-NAG_b_4,glycoshield,30,-67.09,291.3925789715005,0.4099999999999966,6.459999999999994,8.752333333333333,-104.98,250.58716678716476,0.2599999999999909,4.5,6.0479999999999965,,,,,
5XWD,ASN328_A,complex,BMA-NAG_b_4,glycoshield,30,-86.08,282.27866460502355,0.1599999999999966,12.375,15.701333333333334,-128.93,230.44569577567052,0.46000000000000796,10.435000000000002,14.860666666666669,,,,,
5XWD,ASN328_A,complex,MAN-BMA_a_3,glycoshield,30,76.25,75.31102760665618,0.2400000000000091,6.885000000000005,8.076,110.38,117.86059357457657,0.44999999999998863,10.840000000000003,15.529666666666667,,,,,
5XWD,ASN328_A,complex,MAN-BMA_a_6,glycoshield,30,97.49,67.33493319684527,17.680000000000007,30.724999999999994,30.153666666666663,144.97,171.62189210424594,0.6400000000000148,51.515000000000015,44.658666666666676,0.9,39.21342406444495,38.610000000000014,60.28999999999999,65.24633333333333
5XWD,ASN328_A,complex,NAG-MAN_b_2,glycoshape,30,-92.57,277.28498617565026,1.2900000000000205,10.639999999999986,10.022333333333329,-73.87,156.79035402637396,120.96000000000004,129.93,129.33766666666668,,,,,
5XWD,ASN328_A,complex,NAG-MAN_b_2,glycoshield,30,-92.57,284.77533053735766,0.5199999999999818,16.374999999999986,18.11199999999999,-73.87,135.61569988644067,115.94,140.385,146.81033333333335,,,,,
5XWD,ASN328_A,complex,NAG-NAG_b_4,glycoshield,30,-71.54,280.9240006054258,0.3100000000000023,12.515,13.451999999999996,-131.42,218.75742066771,0.07999999999998408,11.254999999999995,25.627333333333347,,,,,
6CMG,ASN529_A,paucimannose,BMA-NAG_b_4,glycoshield,30,-96.36,285.1063734512347,2.1399999999999864,20.879999999999995,26.749333333333325,-147.03,212.14342897979728,0.4399999999999977,22.120000000000005,38.61366666666667,,,,,
6CMG,ASN529_A,paucimannose,FUC-NAG_a_3,glycoshield,30,-77.45,298.66120830183706,1.759999999999991,14.239999999999995,17.106333333333335,116.74,133.95366223523638,0.36000000000001364,17.795000000000016,17.209666666666674,,,,,
6CMG,ASN529_A,paucimannose,FUC-NAG_a_6,glycoshield,30,-90.5,288.8728162864979,1.5600000000000023,22.584999999999994,20.618000000000002,177.67,149.70924967312396,3.8100000000000023,22.499999999999986,29.44699999999999,-55.37,291.9411842798833,1.289999999999992,11.235,13.018666666666665
6CMG,ASN529_A,paucimannose,NAG-NAG_b_4,glycoshield,30,-85.73,290.402592185327,2.230000000000018,17.080000000000013,16.664666666666673,-101.43,249.92935570276757,0.8100000000000023,8.765,9.37966666666666,,,,,
6F9T,ASN109_A,complex,BMA-NAG_b_4,glycoshield,30,-84.34,280.1368023584944,0.12000000000000455,9.5,12.04166666666667,-175.83,227.44254782880253,0.4399999999999977,45.61500000000001,43.09500000000002,,,,,
6F9T,ASN109_A,complex,FUC-NAG_a_6,glycoshape,30,-66.33,265.33884314796563,6.240000000000009,35.55000000000001,32.553333333333335,173.42,143.28872234868817,25.03,32.839999999999975,30.130999999999982,-72.11,276.0598082390772,9.579999999999984,26.14999999999999,20.734666666666666
6F9T,ASN109_A,complex,FUC-NAG_a_6,glycoshield,30,-66.33,282.382209514075,1.1800000000000068,14.260000000000005,14.865666666666671,173.42,148.11274856284234,1.990000000000009,24.769999999999982,25.640999999999984,-72.11,290.47149337077315,0.4200000000000159,4.6499999999999915,6.4883333333333315
6F9T,ASN109_A,complex,MAN-BMA_a_3,glycoshield,30,66.15,74.47904328721506,1.5300000000000011,9.404999999999987,11.444666666666665,136.82,125.43646233300188,0.789999999999992,25.85499999999999,25.793333333333333,,,,,
6F9T,ASN109_A,complex,MAN-BMA_a_6,glycoshield,30,61.01,65.21352596443614,0.2300000000000182,6.859999999999999,8.301666666666668,172.42,187.38979354987103,4.180000000000007,30.25999999999999,33.76500000000001,-53.2,58.3761203085503,86.92000000000002,108.76999999999998,111.609
6F9T,ASN109_A,complex,NAG-MAN_b_2,glycoshape,30,-82.45,274.5318670875331,2.210000000000008,7.280000000000001,7.586666666666665,154.8,154.1999289821107,11.280000000000001,19.380000000000024,17.527,,,,,
6F9T,ASN109_A,complex,NAG-MAN_b_2,glycoshield,30,-82.45,288.22909089686976,0.25,10.490000000000009,13.994333333333335,154.8,142.17570275286374,1.0199999999999818,23.325000000000003,27.679000000000006,,,,,
6F9T,ASN109_A,complex,NAG-NAG_b_4,glycoshape,30,-72.44,280.2862282734256,4.550000000000011,9.450000000000003,7.273666666666676,-123.27,236.15202585373254,1.2300000000000182,5.149999999999977,4.388999999999998,,,,,
6F9T,ASN109_A,complex,NAG-NAG_b_4,glycoshield,30,-72.44,281.392050163361,0.11000000000001364,8.355000000000004,10.023666666666667,-123.27,229.70833297048597,3.009999999999991,12.654999999999987,14.66566666666667,,,,,
6FB3,ASN2365_A,high_mannose,BMA-NAG_b_4,glycoshield,30,-95.65,284.83422357349684,1.240000000000009,24.53,22.42766666666667,-116.54,226.26256879305333,1.0,14.45999999999998,22.907333333333334,,,,,
6FB3,ASN2365_A,high_mannose,MAN-BMA_a_3,glycoshield,30,68.51,77.40676449890464,1.3500000000000227,8.27000000000001,10.492666666666667,120.54,119.74195952844815,0.12999999999999545,13.47999999999999,18.301000000000005,,,,,
6FB3,ASN2365_A,high_mannose,MAN-BMA_a_6,glycoshield,30,119.24,69.97217626140775,34.25999999999999,48.10499999999999,49.296,117.16,150.0442677796034,6.439999999999998,37.290000000000006,35.559000000000005,-105.5,295.4241037533246,19.019999999999982,41.650000000000006,40.909
6FB3,ASN2365_A,high_mannose,MAN-MAN_a_2,glycoshape,30,77.73,73.99768822057808,3.259999999999991,9.41500000000002,9.146333333333338,133.53,153.60351268709496,13.310000000000002,13.409999999999997,23.561666666666667,,,,,
6FB3,ASN2365_A,high_mannose,MAN-MAN_a_2,glycoshield,30,77.73,77.80696240345776,0.020000000000010232,8.27000000000001,8.783999999999999,133.53,130.45856854675333,5.47999999999999,24.24000000000001,25.200333333333333,,,,,
6FB3,ASN2365_A,high_mannose,MAN-MAN_a_3,glycoshape,30,86.39,76.89488886513482,2.170000000000016,5.415000000000006,9.54133333333333,144.69,103.35560870101403,0.9399999999999977,40.44,41.27166666666666,,,,,
6FB3,ASN2365_A,high_mannose,MAN-MAN_a_3,glycoshield,30,86.39,74.85669092361138,0.2699999999999818,10.580000000000013,12.625,144.69,136.49822321754158,1.259999999999991,26.039999999999992,25.35966666666667,,,,,
6FB3,ASN2365_A,high_mannose,NAG-NAG_b_4,glycoshape,30,-73.6,289.09539937562363,2.6200000000000045,7.719999999999999,6.3163333333333345,-111.67,228.29335063260945,6.340000000000003,26.544999999999987,20.023000000000003,,,,,
6FB3,ASN2365_A,high_mannose,NAG-NAG_b_4,glycoshield,30,-73.6,284.3256769718263,0.030000000000001137,4.534999999999997,9.367333333333333,-111.67,228.76818212409637,1.1100000000000136,15.784999999999997,26.056333333333328,,,,,
6FB3,ASN2365_B,high_mannose,BMA-NAG_b_4,glycoshield,30,-95.86,283.7571589186322,1.009999999999991,24.28500000000001,21.546333333333337,-116.81,226.18282598116,0.9200000000000159,14.400000000000006,19.828333333333333,,,,,
6FB3,ASN2365_B,high_mannose,MAN-BMA_a_3,glycoshield,30,68.5,76.49661006966232,0.7900000000000205,8.360000000000014,10.181999999999999,119.97,120.21567830671563,0.01999999999998181,12.474999999999994,17.767999999999997,,,,,
6FB3,ASN2365_B,high_mannose,MAN-BMA_a_6,glycoshield,30,119.0,70.46208364951559,34.44999999999999,47.39,48.56733333333333,117.73,149.49608746003503,5.579999999999984,36.60499999999999,34.57333333333333,-106.71,295.3701325560949,20.409999999999997,42.91,42.06633333333332
6FB3,ASN2365_B,high_mannose,MAN-MAN_a_2,glycoshape,30,77.47,77.54365513067279,9.060000000000002,9.189999999999998,10.462,133.61,154.75889588056316,13.22999999999999,13.319999999999993,21.158999999999992,,,,,
6FB3,ASN2365_B,high_mannose,MAN-MAN_a_2,glycoshield,30,77.47,77.39417700574438,0.20999999999997954,8.415000000000006,9.067000000000004,133.61,130.52977164369844,5.230000000000018,23.160000000000025,25.113999999999997,,,,,
6FB3,ASN2365_B,high_mannose,MAN-MAN_a_3,glycoshape,30,86.18,82.4012825829721,1.9499999999999886,5.069999999999993,3.7786666666666786,143.88,103.6156711421512,39.56,39.72,40.26433333333332,,,,,
6FB3,ASN2365_B,high_mannose,MAN-MAN_a_3,glycoshield,30,86.18,74.40027158236461,0.05000000000001137,10.069999999999993,12.90666666666667,143.88,136.8095694212535,0.4399999999999977,24.689999999999998,24.959333333333326,,,,,
6FB3,ASN2365_B,high_mannose,NAG-NAG_b_4,glycoshape,30,-73.06,291.9545435581724,2.1100000000000136,7.115000000000009,5.01433333333334,-110.97,230.50746035506913,7.030000000000001,27.24000000000001,18.508666666666667,,,,,
6FB3,ASN2365_B,high_mannose,NAG-NAG_b_4,glycoshield,30,-73.06,283.81397173924637,0.009999999999990905,6.155000000000001,9.930333333333332,-110.97,227.26903026796205,0.12000000000000455,17.85000000000001,27.851000000000006,,,,,
6FB3,ASN2365_C,high_mannose,BMA-NAG_b_4,glycoshield,30,-96.2,283.66545794065473,1.3000000000000114,23.799999999999983,21.735000000000003,-116.48,226.10082493731923,0.030000000000001137,15.555000000000007,20.16233333333333,,,,,
6FB3,ASN2365_C,high_mannose,MAN-BMA_a_3,glycoshield,30,68.6,75.71342923303774,0.8000000000000114,7.38000000000001,9.565000000000001,119.84,119.90640965141421,0.5600000000000023,13.514999999999986,18.508333333333333,,,,,
6FB3,ASN2365_C,high_mannose,MAN-BMA_a_6,glycoshield,30,118.68,70.75986613028209,33.74000000000001,47.09,47.949333333333335,117.82,151.32820152137043,5.8700000000000045,36.06500000000001,34.958666666666666,-106.67,295.1692680356408,20.29000000000002,42.56,41.82633333333333
6FB3,ASN2365_C,high_mannose,MAN-MAN_a_2,glycoshape,30,77.5,80.40003852827937,9.170000000000016,12.094999999999999,10.864333333333336,133.65,157.22936416937205,13.22999999999999,31.379999999999995,23.569333333333326,,,,,
6FB3,ASN2365_C,high_mannose,MAN-MAN_a_2,glycoshield,30,77.5,77.31770114473142,0.5900000000000034,9.08999999999999,9.467000000000002,133.65,132.4365115304522,5.439999999999998,23.095000000000013,24.814000000000004,,,,,
6FB3,ASN2365_C,high_mannose,MAN-MAN_a_3,glycoshape,30,86.04,82.80071776982135,1.7900000000000205,1.9399999999999977,3.239333333333341,143.44,103.43432819290672,39.110000000000014,40.59,40.005666666666656,,,,,
6FB3,ASN2365_C,high_mannose,MAN-MAN_a_3,glycoshield,30,86.04,76.18433465125361,0.8799999999999955,7.969999999999999,11.31666666666667,143.44,138.90920078203806,0.7800000000000011,24.85499999999999,24.790000000000003,,,,,
6FB3,ASN2365_C,high_mannose,NAG-NAG_b_4,glycoshape,30,-73.44,291.284783911332,2.4499999999999886,2.5849999999999937,4.724999999999997,-111.01,233.22257362479996,6.9599999999999795,7.050000000000011,15.78133333333333,,,,,
6FB3,ASN2365_C,high_mannose,NAG-NAG_b_4,glycoshield,30,-73.44,283.7282622751077,0.12999999999999545,5.204999999999984,9.346000000000002,-111.01,227.6189777276558,0.6999999999999886,18.61500000000001,27.64033333333333,,,,,
6FB3,ASN2365_D,high_mannose,BMA-NAG_b_4,glycoshield,30,-95.71,285.1595164350358,1.5600000000000023,24.560000000000002,22.78366666666666,-116.8,228.30966112869956,0.7599999999999909,14.224999999999994,21.481666666666676,,,,,
6FB3,ASN2365_D,high_mannose,MAN-BMA_a_3,glycoshield,30,68.08,75.98654316509783,0.7699999999999818,8.259999999999991,9.544999999999998,120.7,117.83947853210907,0.5,12.989999999999995,17.050666666666665,,,,,
6FB3,ASN2365_D,high_mannose,MAN-BMA_a_6,glycoshield,30,118.05,70.1049100807395,33.75999999999999,46.595,47.97366666666667,118.3,150.08340273541262,5.170000000000016,35.755000000000024,34.62266666666667,-105.66,295.0458876131081,19.03,41.47,40.69266666666667
6FB3,ASN2365_D,high_mannose,MAN-MAN_a_2,glycoshape,30,77.58,77.67185511715928,7.860000000000014,9.300000000000011,9.74766666666667,133.44,160.48998620379052,13.409999999999997,31.659999999999997,27.04466666666667,,,,,
6FB3,ASN2365_D,high_mannose,MAN-MAN_a_2,glycoshield,30,77.58,77.75795147754707,0.2599999999999909,7.8799999999999955,8.655666666666667,133.44,130.46729191665264,5.539999999999992,24.039999999999992,25.360333333333326,,,,,
6FB3,ASN2365_D,high_mannose,MAN-MAN_a_3,glycoshape,30,85.93,75.84967032402068,1.7200000000000273,4.9150000000000205,10.123333333333337,143.34,99.17867577369054,39.03,40.515,44.20066666666666,,,,,
6FB3,ASN2365_D,high_mannose,MAN-MAN_a_3,glycoshield,30,85.93,74.47059971221438,0.09000000000000341,10.875000000000014,12.668666666666669,143.34,134.10993424743288,0.6299999999999955,26.189999999999998,25.874333333333333,,,,,
6FB3,ASN2365_D,high_mannose,NAG-NAG_b_4,glycoshape,30,-73.51,288.9887253132193,2.5500000000000114,4.579999999999998,5.185666666666666,-111.35,230.93640496174598,6.670000000000016,18.039999999999992,17.709,,,,,
6FB3,ASN2365_D,high_mannose,NAG-NAG_b_4,glycoshield,30,-73.51,284.01951937566434,0.060000000000002274,4.765000000000001,9.608,-111.35,227.5541018035967,0.789999999999992,17.060000000000002,27.291000000000007,,,,,
6X3X,ASN111_B,high_mannose,BMA-NAG_b_4,glycoshield,30,-53.12,283.0281694025124,1.8300000000000125,23.804999999999993,26.994666666666667,-132.24,226.26252617694502,1.9099999999999966,12.960000000000008,20.678333333333338,,,,,
6X3X,ASN111_B,high_mannose,MAN-BMA_a_3,glycoshield,30,62.03,74.87088185127857,0.009999999999990905,11.834999999999994,13.524333333333335,130.93,110.67249243732795,1.079999999999984,23.875,23.68266666666667,,,,,
6X3X,ASN111_B,high_mannose,MAN-BMA_a_6,glycoshield,30,60.16,67.21748293675506,0.6800000000000068,7.6200000000000045,10.089666666666664,-167.2,165.0746334465632,6.6699999999999875,31.47999999999999,36.092000000000006,44.69,341.6802500890366,1.1999999999999886,98.74499999999999,69.09333333333333
6X3X,ASN111_B,high_mannose,MAN-MAN_a_2,glycoshape,30,46.57,70.68766673531326,23.77000000000001,24.120000000000005,24.117666666666665,121.48,108.77324493269896,1.9699999999999989,13.079999999999998,12.70466666666667,,,,,
6X3X,ASN111_B,high_mannose,MAN-MAN_a_2,glycoshield,30,46.57,81.28625683139035,0.8400000000000034,34.045,34.708999999999996,121.48,146.0940043814503,3.8999999999999773,28.555000000000007,31.105333333333324,,,,,
6X3X,ASN111_B,high_mannose,MAN-MAN_a_3,glycoshape,30,63.75,79.06920356739829,15.099999999999994,15.170000000000016,15.319333333333338,149.52,92.80501626606485,14.710000000000008,58.040000000000006,56.59300000000001,,,,,
6X3X,ASN111_B,high_mannose,MAN-MAN_a_3,glycoshield,30,63.75,73.89359050061483,0.5799999999999841,10.519999999999982,12.194999999999995,149.52,125.3572615870903,0.21000000000000796,36.295,31.506333333333338,,,,,
6X3X,ASN111_B,high_mannose,MAN-MAN_a_6,glycoshape,30,72.67,82.22011942061147,1.8000000000000114,9.810000000000002,9.549333333333339,-106.74,117.40444825966694,88.56,137.31,135.68266666666668,71.28,67.30050836881355,2.579999999999984,2.6850000000000023,7.377333333333336
6X3X,ASN111_B,high_mannose,MAN-MAN_a_6,glycoshield,30,72.67,74.2953445908887,0.18999999999999773,6.314999999999998,8.528666666666664,-106.74,159.40774028812825,42.59000000000003,92.535,93.63033333333333,71.28,304.19010462190835,0.06999999999999318,134.45499999999998,115.53933333333333
6X3X,ASN111_B,high_mannose,NAG-NAG_b_4,glycoshield,30,-79.24,278.56315618105765,1.4300000000000068,9.334999999999994,9.521000000000003,-126.67,220.84529627197236,0.18000000000000682,13.20999999999998,24.57799999999999,,,,,
